quinoa,soymilk,coffee,chocolate,
quinoa,soymilk,kale,tea,
quinoa,kale,,,
quinoa,soymilk,coffee,chocolate,
quinoa,soymilk,carrot,tea,
quinoa,kale,,,
quinoa,soymilk,coffee,chocolate,carrot
quinoa,soymilk,kale,tea,
quinoa,carrot,,,
quinoa,soymilk,coffee,chocolate,
quinoa,soymilk,kale,tea,
quinoa,carrot,,,
quinoa,soymilk,coffee,chocolate,carrot
quinoa,soymilk,,tea,
quinoa,kale,,,
quinoa,soymilk,coffee,chocolate,
quinoa,soymilk,carrot,,
quinoa,carrot,,,
quinoa,soymilk,coffee,chocolate,
quinoa,soymilk,,,
